x	y	clickSelects
0.0495876894987	-1.85289869976779	120
-0.0160285300009899	-2.11530893342141	2
-0.0475820768490201	1.52262131982426	45
-0.04558124676202	2.2847314954954	45
0.06749380324761	1.99002114276426	45
-0.0393537331197	-1.83913013257738	45
0.02250621163458	-1.84974639389075	45
-0.0545194273124701	2.40068769212838	45
0.0990690733676301	-2.10955181657199	45
0.11063402747865	-1.42116021574327	45
0.0232551948037401	-0.0744754427378362	45
-0.03440133781483	-1.70402753528464	45
-0.03997766912555	-1.83661677772031	45
-0.0484977367272299	1.53153632366018	45
-0.10863753292972	2.21668655334063	45
0.11793136141395	-1.84232868405307	45
-0.00968890514216003	0.0587340070912816	45
0.10706900299679	-1.0110937160785	45
-0.10299886114697	-0.207750028824647	45
0.0560768526759501	2.26164766785509	45
-0.06695894754652	0.74408347915794	45
0.03001832497152	-1.31704632464118	45
0.0688188469109201	-0.0586812454226102	45
0.0430515777091201	1.3739914822687	45
-0.0142856299663201	-1.18625725606457	45
-0.11737610261591	1.4247709651911	45
0.10363034442648	0.356201126581031	45
-0.03275312994297	2.13101449085765	45
0.03961971765487	0.0663421200926209	45
0.07809752456996	1.1096162585796	45
0.11551186785014	0.237008168568008	45
-0.0145941807663701	-1.18452921826309	45
0.0388749779548401	-0.491387401416533	45
-0.02962285723382	1.63295541984377	45
0.11782061856191	-1.84207252421947	45
-0.07079378393688	0.609171906952209	45
0.04847707487452	2.49664295476412	123
