x	y
0.233337384212064	0.392077602433756
0.433181156582186	0.74842179727217
0.397102955244031	0.575321701490336
0.179825913666522	0.159163996750449
0.296194191174307	0.358361402218303
0.541969308746758	1.7678605478799
0.113860665540044	0.170463451584208
0.226615339811395	0.408157094801744
0.189353634852789	0.502931170584572
0.0528849258988415	0.138660490935713
0.153066927818011	0.379634069894043
-0.202327563020321	0.50906352525619
0.0635927240601104	0.132442086334764
0.106065027562361	0.218750276632391
0.142266754562817	0.515999632087256
0.00479829157580712	0.0113065148016965
0.0684298633810629	0.187694386245846
0.0693975761782211	0.19139814528124
0.22827956160202	0.8060457673982
0.305503667098115	1.53169659379727
0.13046092219839	0.417464040807406
0.194119623624832	0.765026121942802
0.100017091807836	0.353633290461923
0.0921725643600442	0.317698928056012
0.260822973626813	1.38678549769591
0.102180489840483	0.334909078043656
0.126674980600254	0.377567938015375
0.189227381033588	0.619348135789871
0.150568542803768	0.624921224228001
0.116674154785387	0.481024159148158
0.15398114720757	0.661271571663029
0.0475021128434512	0.120560509926562
0.0614373371514958	0.114157937173111
0.0971939209146765	0.329592014168223
0.164866373501363	0.514700722297
0.117195833080546	0.453271207628396
0.185393879543788	0.408666935905475
0.0554270486767632	0.168365900795477
0.0804521900285916	0.265490660701427
0.0179734361873154	0.0411873736642936
0.312893779296874	1.13489004729153
0.0999143965599407	0.339068551693341
0.217379976170688	0.900893714257219
0.155107054138928	0.589959823682144
0.233600243831699	1.00074063117705
0.257238863385913	1.27325753191327
0.331001714416411	1.84627589642697
